-- phpMyAdmin SQL Dump
-- version 5.2.1
-- https://www.phpmyadmin.net/
--
-- Servidor: 127.0.0.1
-- Tiempo de generación: 12-11-2025 a las 19:08:10
-- Versión del servidor: 10.4.32-MariaDB
-- Versión de PHP: 8.0.30

SET SQL_MODE = "NO_AUTO_VALUE_ON_ZERO";
START TRANSACTION;
SET time_zone = "+00:00";


/*!40101 SET @OLD_CHARACTER_SET_CLIENT=@@CHARACTER_SET_CLIENT */;
/*!40101 SET @OLD_CHARACTER_SET_RESULTS=@@CHARACTER_SET_RESULTS */;
/*!40101 SET @OLD_COLLATION_CONNECTION=@@COLLATION_CONNECTION */;
/*!40101 SET NAMES utf8mb4 */;

--
-- Base de datos: `catalogo`
--

-- --------------------------------------------------------

--
-- Estructura de tabla para la tabla `categorias`
--

CREATE TABLE `categorias` (
  `idCategoria` int(11) NOT NULL,
  `catNombre` varchar(30) NOT NULL
) ENGINE=InnoDB DEFAULT CHARSET=utf8mb4 COLLATE=utf8mb4_general_ci;

--
-- Volcado de datos para la tabla `categorias`
--

INSERT INTO `categorias` (`idCategoria`, `catNombre`) VALUES
(1, 'Sedan'),
(2, 'SUV'),
(3, 'Camioneta'),
(4, 'Hatchback'),
(5, 'Deportivo');

-- --------------------------------------------------------

--
-- Estructura de tabla para la tabla `marcas`
--

CREATE TABLE `marcas` (
  `idMarca` int(11) NOT NULL,
  `mkNombre` varchar(30) NOT NULL
) ENGINE=InnoDB DEFAULT CHARSET=utf8mb4 COLLATE=utf8mb4_general_ci;

--
-- Volcado de datos para la tabla `marcas`
--

INSERT INTO `marcas` (`idMarca`, `mkNombre`) VALUES
(1, ' Toyota 1'),
(2, 'gvyugh'),
(3, 'Ford'),
(4, 'Chevrolet'),
(5, 'Honda'),
(6, 'Volkswagen');

-- --------------------------------------------------------

--
-- Estructura de tabla para la tabla `productos`
--

CREATE TABLE `productos` (
  `idProducto` int(11) NOT NULL,
  `prdNombre` varchar(30) NOT NULL,
  `prdPrecio` double NOT NULL,
  `idMarca` int(11) NOT NULL,
  `idCategoria` int(11) NOT NULL,
  `prdPresentacion` text NOT NULL,
  `prdStock` int(6) NOT NULL,
  `prdImagen` tinytext NOT NULL
) ENGINE=InnoDB DEFAULT CHARSET=utf8mb4 COLLATE=utf8mb4_general_ci;

--
-- Volcado de datos para la tabla `productos`
--

INSERT INTO `productos` (`idProducto`, `prdNombre`, `prdPrecio`, `idMarca`, `idCategoria`, `prdPresentacion`, `prdStock`, `prdImagen`) VALUES
(1, 'Toyota Corolla', 32000000, 1, 1, 'Sedán 4 puertas, motor 1.8L, caja automática', 5, 'corolla.jpg'),
(2, 'Ford Ranger', 45000000, 3, 3, 'Camioneta doble cabina, motor 3.2L, caja manual', 3, 'ranger.jpg'),
(3, 'Chevrolet Cruze', 29000000, 4, 1, 'Sedán 4 puertas, motor 1.4L turbo, caja automática', 4, 'cruze.jpg'),
(4, 'Honda HR-V', 35000000, 4, 2, 'SUV compacta, motor 1.8L, caja automática CVT', 6, 'hrv.jpg'),
(5, 'Volkswagen Golf', 31000000, 6, 4, 'Hatchback 5 puertas, motor 1.4L turbo, caja automática', 2, 'golf.jpg'),
(6, 'Toyota RAV4', 42000000, 1, 2, 'SUV mediana, motor 2.5L, caja automática', 3, 'rav4.jpg');

--
-- Índices para tablas volcadas
--

--
-- Indices de la tabla `categorias`
--
ALTER TABLE `categorias`
  ADD PRIMARY KEY (`idCategoria`);

--
-- Indices de la tabla `marcas`
--
ALTER TABLE `marcas`
  ADD PRIMARY KEY (`idMarca`);

--
-- Indices de la tabla `productos`
--
ALTER TABLE `productos`
  ADD PRIMARY KEY (`idProducto`),
  ADD KEY `idMarca` (`idMarca`,`idCategoria`),
  ADD KEY `idCategoria` (`idCategoria`);

--
-- AUTO_INCREMENT de las tablas volcadas
--

--
-- AUTO_INCREMENT de la tabla `categorias`
--
ALTER TABLE `categorias`
  MODIFY `idCategoria` int(11) NOT NULL AUTO_INCREMENT, AUTO_INCREMENT=6;

--
-- AUTO_INCREMENT de la tabla `marcas`
--
ALTER TABLE `marcas`
  MODIFY `idMarca` int(11) NOT NULL AUTO_INCREMENT, AUTO_INCREMENT=7;

--
-- AUTO_INCREMENT de la tabla `productos`
--
ALTER TABLE `productos`
  MODIFY `idProducto` int(11) NOT NULL AUTO_INCREMENT, AUTO_INCREMENT=9;

--
-- Restricciones para tablas volcadas
--

--
-- Filtros para la tabla `productos`
--
ALTER TABLE `productos`
  ADD CONSTRAINT `productos_ibfk_1` FOREIGN KEY (`idCategoria`) REFERENCES `categorias` (`idCategoria`) ON DELETE NO ACTION ON UPDATE CASCADE,
  ADD CONSTRAINT `productos_ibfk_2` FOREIGN KEY (`idMarca`) REFERENCES `marcas` (`idMarca`) ON DELETE NO ACTION ON UPDATE CASCADE;
COMMIT;

/*!40101 SET CHARACTER_SET_CLIENT=@OLD_CHARACTER_SET_CLIENT */;
/*!40101 SET CHARACTER_SET_RESULTS=@OLD_CHARACTER_SET_RESULTS */;
/*!40101 SET COLLATION_CONNECTION=@OLD_COLLATION_CONNECTION */;
